{"1000": 0.060950517654418945}
{"10000": 6.35296630859375}
