{"1000": 0.0170590877532959}
{"10000": 2.321925401687622}
