{"1000": 0.03139996528625488}
{"10000": 2.317997455596924}
