{"1000": 0.014583110809326172}
{"10000": 2.5257582664489746}
