{"1000": 0.03193092346191406}
{"10000": 2.287118911743164}
