{"1000": 0.01601123809814453}
{"10000": 2.3628687858581543}
