{"1000": 0.03167724609375}
{"10000": 2.9588780403137207}
