{"1000": 0.03143191337585449}
{"10000": 2.667055368423462}
