{"1000": 0.05379199981689453}
{"10000": 5.217580795288086}
