{"1000": 0.0628511905670166}
{"10000": 5.3330583572387695}
