{"1000": 0.002033233642578125}
{"10000": 0.02378559112548828}
